edad,nivel,sexo,descripcion,num_siniestros,expuestos,frecuencia,monto_total,severidad,prima_riesgo,prima_tarifa,prima_mensual,prima_tarifa_mensual,credible
25,1,Femenino,Ambulatorio,22139,1264953,0.017501836036595827,479973015.9019,21679.977230313023,379.43940676206944,632.3990112701157,33.35875209551594,55.59792015919323,True
25,1,Masculino,Ambulatorio,19606,1683570,0.011645491425957935,455577104.9909,23236.61659649597,270.6018193427657,451.0030322379427,23.79019903357409,39.65033172262348,True
25,2,Femenino,Hospitalario,15369,1264953,0.012149858532293294,910488127.7212,59241.85878854838,719.780203470959,1199.6336724515982,63.280115198746394,105.4668586645773,True
25,2,Masculino,Hospitalario,11830,1683570,0.00702673485509958,869431480.8729,73493.78536541843,516.4213432603931,860.7022387673217,45.40164057725094,75.66940096208488,True
25,3,Femenino,Alta Especialidad,2274,1264953,0.0017976952503373643,219971772.2168,96733.40906631487,173.89719002745557,289.8286500457592,15.288325748069381,25.480542913448964,True
25,3,Masculino,Alta Especialidad,2588,1683570,0.001537209620033619,274034667.0828,105886.65652349303,162.76998704110903,271.28331173518166,14.31006782513631,23.850113041893845,True
26,1,Femenino,Ambulatorio,24170,1287367,0.018774754984398387,463033920.2167,19157.381887327265,359.6751510771209,599.4585851285348,31.621160021532926,52.701933369221535,True
26,1,Masculino,Ambulatorio,21177,1728564,0.01225120967462009,456878836.33,21574.294580441045,264.3112064870031,440.5186774783385,23.23715422313922,38.7285903718987,True
26,2,Femenino,Hospitalario,17773,1287367,0.013805697986665807,1009010061.7175,56772.07346635345,783.7781003532791,1306.2968339221316,68.90654708401024,114.84424514001705,True
26,2,Masculino,Hospitalario,11712,1728564,0.006775566308218846,852593536.971,72796.57931787909,493.2380501798024,822.0634169663373,43.36346079715746,72.2724346619291,True
26,3,Femenino,Alta Especialidad,2340,1287367,0.0018176634945590495,198404713.3715,84788.33904764957,154.11666865120822,256.8611144186803,13.54930366140442,22.58217276900736,True
26,3,Masculino,Alta Especialidad,2580,1728564,0.0014925683978146021,277964370.379,107738.12805387597,160.8065251729181,268.0108752881968,14.137448332952012,23.56241388825335,True
27,1,Femenino,Ambulatorio,26695,1333455,0.02001942322763048,528243066.4549,19788.09014627833,396.1461515048502,660.2435858414169,34.827540382302814,58.04590063717135,True
27,1,Masculino,Ambulatorio,24081,1785972,0.013483414073680887,557467714.9735,23149.691249262905,312.13687279167874,520.2281213194644,27.441790108681165,45.73631684780193,True
27,2,Femenino,Hospitalario,20647,1333455,0.015483837099864638,1219136110.4844,59046.64650963336,914.2686558484539,1523.7810930807564,80.37874004550538,133.96456674250896,True
27,2,Masculino,Hospitalario,13475,1785972,0.007544911118427388,964361451.1302,71566.71251430055,539.9644849584428,899.9408082640712,47.47145676781682,79.11909461302801,True
27,3,Femenino,Alta Especialidad,2557,1333455,0.0019175750212793083,234871486.6057,91854.31623218615,176.13754240353066,293.56257067255103,15.485288314919883,25.808813858199798,True
27,3,Masculino,Alta Especialidad,2808,1785972,0.0015722530924337,263537073.1448,93852.23402592592,147.55946517907336,245.93244196512222,12.972821300403982,21.62136883400663,True
28,1,Femenino,Ambulatorio,29788,1429098,0.020843916932218785,595666753.5062,19996.86966248825,416.813090149311,694.6884835821849,36.64449262955876,61.074154382597925,True
28,1,Masculino,Ambulatorio,26682,1894259,0.014085719006746173,596728032.7593,22364.441674510905,315.01924116992444,525.0320686165406,27.69519608197836,46.158660136630594,True
28,2,Femenino,Hospitalario,24206,1429098,0.016937956669171743,1383663931.5238,57162.02311508716,968.20787064554,1613.679784409233,85.12085397088127,141.86808995146876,True
28,2,Masculino,Hospitalario,15244,1894259,0.008047473972672164,1141886477.8115,74907.27353788377,602.814334159954,1004.6905569332565,52.996957022640004,88.32826170439999,True
28,3,Femenino,Alta Especialidad,3228,1429098,0.0022587674183296037,277622876.0045,86004.60842766418,194.26440734260348,323.7740122376724,17.07892772873703,28.464879547895045,True
28,3,Masculino,Alta Especialidad,3339,1894259,0.001762694541770687,297682245.4832,89153.11335226116,157.1497062878941,261.91617714649016,13.815955856235671,23.026593093726117,True
29,1,Femenino,Ambulatorio,32235,1517632,0.021240327035803145,654176325.3028,20293.97627742516,431.0506929893413,718.4178216489021,37.89620411526854,63.16034019211422,True
29,1,Masculino,Ambulatorio,29264,1993834,0.01467724996163171,637014931.1269,21767.869434352786,319.4924608201585,532.4874347002641,28.0884631563034,46.81410526050566,True
29,2,Femenino,Hospitalario,27355,1517632,0.018024791253742675,1549615819.5992,56648.35750682508,1021.0748189279088,1701.7913648798478,89.76869863426879,149.61449772378128,True
29,2,Masculino,Hospitalario,16879,1993834,0.008465599443083024,1240827393.7168,73513.08689595354,622.3323474856983,1037.2205791428303,54.71290048113997,91.18816746856659,True
29,3,Femenino,Alta Especialidad,3877,1517632,0.0025546377514443553,340480191.4964,87820.52914531855,224.34963910645004,373.91606517741667,19.723897571776074,32.87316261962678,True
29,3,Masculino,Alta Especialidad,4065,1993834,0.002038785575930594,415046213.4363,102102.38952922508,208.164879040231,346.94146506705164,18.301000030949595,30.50166671824932,True
30,1,Femenino,Ambulatorio,33632,1581713,0.02126302306423479,722808099.116,21491.67754269743,456.97803527947235,761.6300587991204,40.17562941622156,66.95938236036926,True
30,1,Masculino,Ambulatorio,31254,2105252,0.014845728682362017,693722888.4317,22196.29130452742,329.52011846168534,549.2001974361422,28.970053574697022,48.28342262449503,True
30,2,Femenino,Hospitalario,30347,1581713,0.01918616082690096,1767407197.2551,58239.931369001875,1117.4006897933443,1862.334482988907,98.2372730346069,163.72878839101148,True
30,2,Masculino,Hospitalario,18293,2105252,0.00868922105287158,1379362651.6097,75403.85128790794,655.2007320784875,1092.0012201308123,57.602553674432215,96.00425612405368,True
30,3,Femenino,Alta Especialidad,4190,1581713,0.0026490267197652167,364649243.7008,87028.45911713604,230.54071358128814,384.2345226354802,20.268191377138532,33.78031896189755,True
30,3,Masculino,Alta Especialidad,4288,2105252,0.002036810795097214,453402682.7422,105737.56593801307,215.3674157498485,358.94569291641415,18.93421743608233,31.557029060137218,True
31,1,Femenino,Ambulatorio,34900,1619036,0.02155603704920706,754476605.0956,21618.240833684813,466.0036003495907,776.6726672493178,40.96911997711321,68.281866628522,True
31,1,Masculino,Ambulatorio,32183,2098899,0.015333277113381826,757233324.8262,23528.985017748502,360.776447473747,601.2940791229116,31.71798147134552,52.86330245224253,True
31,2,Femenino,Hospitalario,31719,1619036,0.019591287655123173,1860677822.0226,58661.30149193228,1149.2504317523515,1915.4173862539187,101.03737135697989,168.39561892829977,True
31,2,Masculino,Hospitalario,19333,2098899,0.00921101968222387,1495600158.0027,77359.96265466818,712.5641386282522,1187.6068977137534,62.64570845579054,104.40951409298421,True
31,3,Femenino,Alta Especialidad,4622,1619036,0.0028547851931643273,415233652.1192,89838.52274322804,256.4696845031241,427.4494741718734,22.547759860692867,37.57959976782144,True
31,3,Masculino,Alta Especialidad,4785,2098899,0.0022797666776724367,534067540.0543,111612.8610353814,254.4512813881468,424.0854689802446,22.370310160051826,37.283850266753035,True
32,1,Femenino,Ambulatorio,35687,1639417,0.021768104149218898,748482436.9152,20973.532012082833,456.5540292159957,760.9233820266594,40.13835254696011,66.8972542449335,True
32,1,Masculino,Ambulatorio,32384,2116529,0.015300522695413103,754472453.1996,23297.691860165512,356.4668630572035,594.1114384286724,31.339100533772477,52.23183422295411,True
32,2,Femenino,Hospitalario,33384,1639417,0.020363336478760437,1952000948.825,58471.152313233884,1190.6677488552332,1984.446248092055,104.6786115367664,174.46435256127728,True
32,2,Masculino,Hospitalario,20357,2116529,0.009618105870507798,1560630121.5799,76663.07027459351,737.3535262592197,1228.922543765366,64.82508946325568,108.04181577209279,True
32,3,Femenino,Alta Especialidad,4805,1639417,0.002930919955081593,467653719.2544,97326.47643171696,285.25611193149757,475.4268532191625,25.078544168240615,41.79757361373435,True
32,3,Masculino,Alta Especialidad,5321,2116529,0.0025140217781093478,518515399.1613,97446.98349206916,244.983838710124,408.30639785020657,21.537971537214187,35.896619228690305,True
33,1,Femenino,Ambulatorio,34910,1652622,0.021124007788834956,762866929.2223,21852.38983736179,461.61005312908827,769.3500885484804,40.58285737513579,67.63809562522631,True
33,1,Masculino,Ambulatorio,32540,2097790,0.015511562167805167,799426013.2094,24567.486576810083,381.0800953429085,635.1334922381808,33.502994687768556,55.83832447961425,True
33,2,Femenino,Hospitalario,32873,1652622,0.01989142102670786,1970390324.345,59939.47386441761,1192.2813107564828,1987.135517927471,104.8204692629153,174.7007821048588,True
33,2,Masculino,Hospitalario,20956,2097790,0.009989560442179628,1647803806.5432,78631.59985413247,785.4951194081391,1309.1585323468983,69.0575003376091,115.09583389601514,True
33,3,Femenino,Alta Especialidad,5243,1652622,0.0031725343121415546,504164988.9207,96159.63931350372,305.06975516524653,508.44959194207746,26.820478192394535,44.70079698732422,True
33,3,Masculino,Alta Especialidad,5252,2097790,0.002503587108337822,533591832.3426,101597.83555647373,254.35903133421363,423.93171889035597,22.362199914713273,37.27033319118878,True
34,1,Femenino,Ambulatorio,34941,1649001,0.021189192729416172,808300272.1513,23133.289606802897,490.17573194394663,816.959553239911,43.09423437247156,71.82372395411926,True
34,1,Masculino,Ambulatorio,31790,2074071,0.015327344145885073,769429013.5517,24203.49209033344,370.9752528007479,618.2920880012464,32.61461849035496,54.357697483924916,True
34,2,Femenino,Hospitalario,32808,1649001,0.01989568229491674,2019245594.5493,61547.35413768898,1224.5266040161891,2040.877673360315,107.65534282883424,179.42557138139037,True
34,2,Masculino,Hospitalario,20661,2074071,0.009961568335895926,1590980207.4554,77004.02727144862,767.080879803729,1278.4681330062149,67.43859612512139,112.39766020853565,True
34,3,Femenino,Alta Especialidad,5525,1649001,0.003350513432071903,526438471.2433,95282.98122050679,319.24690842716285,532.078180711938,28.066875199811737,46.77812533301955,True
34,3,Masculino,Alta Especialidad,5481,2074071,0.002642628916753573,596878676.7634,108899.59437390986,287.7812171152289,479.63536185871476,25.300541030817453,42.16756838469574,True
35,1,Femenino,Ambulatorio,34542,1616029,0.021374616420868686,791957737.651,22927.385144201264,490.0640629908251,816.7734383180417,43.084416897381836,71.80736149563637,True
35,1,Masculino,Ambulatorio,32204,2030958,0.01585655636404101,850832381.5781,26420.083889519934,418.9315493368647,698.2192488947744,36.830738848593114,61.38456474765518,True
35,2,Femenino,Hospitalario,33041,1616029,0.02044579645538539,2020738463.7627,61158.514081374655,1250.4345304216074,2084.057550702679,109.93306116505639,183.22176860842728,True
35,2,Masculino,Hospitalario,22299,2030958,0.01097954758296331,1783904340.6433,79999.29775520427,878.3560963069152,1463.9268271781918,77.22145551071044,128.70242585118407,True
35,3,Femenino,Alta Especialidad,6982,1616029,0.0043204670213220185,579332944.4969,82975.21404997134,358.49167589003656,597.4861264833942,31.517113750445702,52.5285229174095,True
35,3,Masculino,Alta Especialidad,7227,2030958,0.003558419228758054,722740153.9199001,100005.55609795213,355.8616938015951,593.1028230026584,31.285896541741337,52.14316090290222,True
36,1,Femenino,Ambulatorio,32338,1583291,0.020424546087863822,755342788.8041,23357.745958442083,477.07135883681525,795.1189313946919,41.94215178416502,69.90358630694169,True
36,1,Masculino,Ambulatorio,30776,1973294,0.015596256817281155,798564188.3409001,25947.62764299779,404.6858645193773,674.4764408656287,35.578316828664626,59.297194714441034,True
36,2,Femenino,Hospitalario,30545,1583291,0.01929209475705982,1938939282.422,63478.12350374857,1224.6259736346635,2041.0432893911056,107.66407899700611,179.44013166167684,True
36,2,Masculino,Hospitalario,21016,1973294,0.010650212284636754,1729926536.7245,82314.73813877521,876.6694353322413,1461.1157255537353,77.07317121466575,128.45528535777623,True
36,3,Femenino,Alta Especialidad,5381,1583291,0.003398617184080501,557210510.1620001,103551.47930905037,351.931837016695,586.5530616944916,30.940399695809973,51.56733282634995,True
36,3,Masculino,Alta Especialidad,5781,1973294,0.002929619205247672,590966776.096,102225.70076042207,299.48237621763406,499.1372936960567,26.329258814924906,43.882098024874836,True
37,1,Femenino,Ambulatorio,31139,1550248,0.02008646358518121,778715236.6448001,25007.714976229166,502.31655621861796,837.1942603643631,44.16160571028293,73.60267618380487,True
37,1,Masculino,Ambulatorio,29530,1916087,0.015411617530936748,726778270.6021,24611.522878499833,379.3033774573389,632.1722957622314,33.346792958501275,55.57798826416879,True
37,2,Femenino,Hospitalario,29118,1550248,0.018782801203420355,1893380765.3021,65024.40982560959,1221.3405631241583,2035.5676052069302,107.37523921706025,178.95873202843373,True
37,2,Masculino,Hospitalario,20779,1916087,0.010844497144440727,1689549503.3175,81310.43377051351,881.7707668375706,1469.617944729284,77.52165930001118,129.20276550001861,True
37,3,Femenino,Alta Especialidad,5607,1550248,0.0036168406603330565,563344444.0834,100471.63261697878,363.3898860591338,605.6498100985563,31.947744243300942,53.24624040550157,True
37,3,Masculino,Alta Especialidad,5992,1916087,0.00312720664562726,651106993.1831,108662.71581827436,339.81076703881394,566.3512783980232,29.87476507452752,49.79127512421253,True
38,1,Femenino,Ambulatorio,30011,1525106,0.019677976481634718,732058090.4155,24392.992250024992,480.00472781268974,800.0078796878161,42.200041520252014,70.33340253375334,True
38,1,Masculino,Ambulatorio,28769,1876616,0.01533025403172519,744681598.6131,25884.862129830723,396.8215120264881,661.3691867108134,34.886915301762734,58.14485883627122,True
38,2,Femenino,Hospitalario,27043,1525106,0.01773188224293918,1845337334.2031,68237.15320796879,1209.973165277102,2016.621942128503,106.37586434983979,177.29310724973297,True
38,2,Masculino,Hospitalario,21685,1876616,0.011555374141539879,1771614174.8628001,81697.6792650588,944.0472504032792,1573.4120840054652,82.99675160625559,138.3279193437593,True
38,3,Femenino,Alta Especialidad,5566,1525106,0.0036495823896830776,582406416.4675,104636.43845984548,381.87930312220914,636.4655052036818,33.57325774876689,55.955429581278146,True
38,3,Masculino,Alta Especialidad,6344,1876616,0.003380553080651556,680425820.7142,107255.01587550441,362.58127433326797,604.3021238887799,31.876654425996858,53.12775737666143,True
39,1,Femenino,Ambulatorio,28137,1478757,0.019027466987476645,724869306.4786,25762.139051021786,490.18825032009994,816.9804172001665,43.09533493661775,71.82555822769625,True
39,1,Masculino,Ambulatorio,27281,1830089,0.0149069252916115,747448956.8786,27398.150979751474,408.42218978344766,680.7036496390793,35.90679917923527,59.844665298725445,True
39,2,Femenino,Hospitalario,25778,1478757,0.017432208266807865,1804845361.7836,70014.94925066335,1220.5151771275468,2034.1919618792444,107.30267467486092,178.8377911247682,True
39,2,Masculino,Hospitalario,21484,1830089,0.011739319781715534,1793730463.6921,83491.45707001025,980.1329135862246,1633.5548559770407,86.16925470126753,143.61542450211252,True
39,3,Femenino,Alta Especialidad,5785,1478757,0.003912069393416227,633220691.6701,109459.06511151252,428.2114584547021,713.6857640911701,37.64659029210165,62.744317153502735,True
39,3,Masculino,Alta Especialidad,6359,1830089,0.00347469440010841,783053571.7107,123140.9925634062,427.8773172838589,713.1288621397647,37.61721397460689,62.69535662434481,True
40,1,Femenino,Ambulatorio,26382,1423000,0.01853970484891075,658369806.9041001,24955.265215074676,462.6632515137738,771.1054191896228,40.67545024555463,67.79241707592436,True
40,1,Masculino,Ambulatorio,26703,1768919,0.015095660117845983,716870915.0106,26846.081526817212,405.2593222248164,675.4322037080273,35.62873287162719,59.381221452711976,True
40,2,Femenino,Hospitalario,23642,1423000,0.016614195361911454,1693979742.7276,71651.28765449623,1190.4284910243148,1984.0474850405244,104.65757697228447,174.42929495380744,True
40,2,Masculino,Hospitalario,20965,1768919,0.011851871114505527,1732131593.6225,82620.15710100166,979.2034534212703,1632.0057557021169,86.08754038622062,143.47923397703434,True
40,3,Femenino,Alta Especialidad,5619,1423000,0.003948699929725931,678361899.8784,120726.44596518953,476.71250869880527,794.5208478313419,41.91060315589926,69.85100525983209,True
40,3,Masculino,Alta Especialidad,6851,1768919,0.0038729868354627885,740613027.4062,108102.9086857685,418.68114221521733,697.8019036920288,36.80872408432477,61.34787347387461,True
41,1,Femenino,Ambulatorio,25006,1361469,0.018366925725080776,630267323.2056,25204.64381370871,462.9318208535045,771.5530347558407,40.699061757339834,67.83176959556639,True
41,1,Masculino,Ambulatorio,25648,1685250,0.015219106957424714,711793682.8479,27752.404976914382,422.3668196694259,703.9446994490431,37.13275368775516,61.88792281292527,True
41,2,Femenino,Hospitalario,22476,1361469,0.01650863883055729,1677941595.6068,74654.81382838584,1232.4493584553159,2054.082264092193,108.35187881465556,180.58646469109257,True
41,2,Masculino,Hospitalario,20693,1685250,0.012278890372348316,1692187028.0125,81775.81926315662,1004.1163198412697,1673.5271997354494,88.27777714097759,147.12962856829597,True
41,3,Femenino,Alta Especialidad,5902,1361469,0.004335023419556376,670914330.4289,113675.75913739411,492.7870780964532,821.3117968274219,43.323813186333844,72.2063553105564,True
41,3,Masculino,Alta Especialidad,6617,1685250,0.003926420412401721,731996275.7623,110623.58708815173,434.3547104360184,723.9245173933639,38.18667974051659,63.6444662341943,True
42,1,Femenino,Ambulatorio,23500,1291964,0.01818936131347313,609640071.7605,25942.130713212762,471.87078878397534,786.4513146399588,41.484939053867784,69.14156508977963,True
42,1,Masculino,Ambulatorio,24440,1594565,0.015327064120935804,699286501.807,28612.377324345336,438.5437419026506,730.9062365044175,38.554962158539986,64.25827026423329,True
42,2,Femenino,Hospitalario,20449,1291964,0.01582784040422179,1588949114.3544,77703.02285463347,1229.8710446687369,2049.7850744478947,108.1252040705511,180.2086734509185,True
42,2,Masculino,Hospitalario,20385,1594565,0.012784050822638149,1710010303.1764,83885.71514233014,1072.399245672895,1787.3320761214914,94.28093114812589,157.13488524687645,True
42,3,Femenino,Alta Especialidad,5751,1291964,0.004451362421863148,640350083.632,111345.86743731525,495.64081014022065,826.0680169003676,43.574701570878375,72.6245026181306,True
42,3,Masculino,Alta Especialidad,6617,1594565,0.004149721083806556,763806163.4605,115430.88460941514,479.0059755861317,798.3432926435527,42.11223533213121,70.18705888688534,True
43,1,Femenino,Ambulatorio,22009,1231573,0.01787064185395425,574388219.3152,26097.879018365213,466.38584908503185,777.309748475053,41.00272571383206,68.33787618972009,True
43,1,Masculino,Ambulatorio,22993,1508090,0.01524643754683076,677317068.2664,29457.53352178489,449.1224451235669,748.537408539278,39.4849982379498,65.80833039658299,True
43,2,Femenino,Hospitalario,19251,1231573,0.015631229330295485,1478810305.4015,76817.32405597111,1200.7492088585086,2001.2486814308475,105.56493203752821,175.94155339588033,True
43,2,Masculino,Hospitalario,19120,1508090,0.012678288431061807,1632378936.9413,85375.4674132479,1082.4148008018751,1804.0246680031248,95.16145756339125,158.60242927231872,True
43,3,Femenino,Alta Especialidad,5750,1231573,0.004668825964843334,704717418.3982,122559.55102577392,572.2092140686748,953.6820234477912,50.30628073603419,83.84380122672364,True
43,3,Masculino,Alta Especialidad,7387,1508090,0.00489824877825594,775085517.186,104925.61488912955,513.951764938432,856.5862748973866,45.18452540799173,75.30754234665288,True
44,1,Femenino,Ambulatorio,20521,1178075,0.017419094709589796,588432560.654,28674.653313873594,499.486501839017,832.4775030650283,43.91279896859114,73.18799828098523,True
44,1,Masculino,Ambulatorio,22522,1438657,0.015654878125918825,683831227.2163,30362.81090561673,475.3261042877489,792.2101738129147,41.78871618204164,69.64786030340272,True
44,2,Femenino,Hospitalario,17979,1178075,0.015261337351187319,1445052344.9157,80374.45602734857,1226.6216878515374,2044.369479752562,107.83953398304014,179.73255663840018,True
44,2,Masculino,Hospitalario,18728,1438657,0.013017696365429703,1671340285.4436,89242.86017960274,1161.7364566005656,1936.227427667609,102.13509130948658,170.2251521824776,True
44,3,Femenino,Alta Especialidad,5877,1178075,0.004988646733017847,686537758.5264,116817.72307748851,582.7623525890966,971.2705876484943,51.23406927211827,85.39011545353044,True
44,3,Masculino,Alta Especialidad,6781,1438657,0.004713423700020227,819624590.5286,120870.75512883055,569.7150818635714,949.5251364392856,50.087006890353585,83.47834481725597,True
45,1,Femenino,Ambulatorio,20294,1129970,0.017959768843420622,573962705.0969,28282.38420700207,507.9450826985672,846.5751378309452,44.656442609565275,74.42740434927545,True
45,1,Masculino,Ambulatorio,21379,1371881,0.015583713164625795,649057187.2413,30359.567203391176,473.1147870998286,788.5246451663809,41.59430626951866,69.32384378253109,True
45,2,Femenino,Hospitalario,17872,1129970,0.01581634910661345,1461513162.4451,81776.69888345456,1293.4088183271238,2155.6813638785393,113.71118381434773,189.51863969057953,True
45,2,Masculino,Hospitalario,18437,1371881,0.013439212293194527,1572073539.8947,85267.31788765526,1145.925586763502,1909.8759779391696,100.74506465988293,167.90844109980486,True
45,3,Femenino,Alta Especialidad,6142,1129970,0.005435542536527518,746918091.9991,121608.28590021165,661.0070108048001,1101.6783513413334,58.11301782016072,96.85502970026786,True
45,3,Masculino,Alta Especialidad,6572,1371881,0.004790502966365158,791634070.8493,120455.57986142726,577.0428126414025,961.738021069004,50.731230843069255,84.55205140511542,True
46,1,Femenino,Ambulatorio,19770,1095039,0.018054151495974117,550827805.4528,27861.80098395549,503.02117591501315,838.3686265250218,44.22355297605125,73.70592162675207,True
46,1,Masculino,Ambulatorio,20611,1319200,0.015623862947240752,660323620.3325,32037.437306899228,500.5485296638114,834.2475494396855,44.00616808707089,73.34361347845147,True
46,2,Femenino,Hospitalario,17796,1095039,0.016251475974828292,1455424460.4133,81783.79750580467,1329.1074202958066,2215.179033826344,116.84965807929547,194.7494301321591,True
46,2,Masculino,Hospitalario,18612,1319200,0.014108550636749545,1691598438.6605,90887.51550937568,1282.2911148123862,2137.1518580206434,112.7337610458894,187.88960174314894,True
46,3,Femenino,Alta Especialidad,6379,1095039,0.005825363297562918,752468578.5111,117960.27253662016,687.1614422053461,1145.2690703422434,60.412407861736156,100.6873464362269,True
46,3,Masculino,Alta Especialidad,7083,1319200,0.005369163129169193,812299171.7829,114682.92697767894,615.7513430737567,1026.252238456261,54.13432563939952,90.22387606566585,True
47,1,Femenino,Ambulatorio,19305,1059910,0.018213810606560934,564857600.9021,29259.652986381763,532.9297779076525,888.216296512754,46.85299425604338,78.08832376007229,True
47,1,Masculino,Ambulatorio,20612,1277876,0.016129890537110017,708788703.8161,34387.18726062973,554.6615663930617,924.435943988436,48.763563721833044,81.27260620305506,True
47,2,Femenino,Hospitalario,17350,1059910,0.016369314375748883,1447331263.9358,83419.6693911124,1365.5227933841552,2275.871322306925,120.05114791316946,200.08524652194905,True
47,2,Masculino,Hospitalario,18652,1277876,0.014596095395797402,1641431936.3743,88002.99894779648,1284.500167758296,2140.833612930493,112.9279718955671,188.21328649261181,True
47,3,Femenino,Alta Especialidad,6581,1059910,0.006209017746789822,769335343.6064,116902.49864859444,725.849688753196,1209.7494812553266,63.81371938236374,106.35619897060623,True
47,3,Masculino,Alta Especialidad,7432,1277876,0.005815900760324163,882465177.536,118738.58685898816,690.5718375930059,1150.9530626550095,60.712235798047395,101.1870596634123,True
48,1,Femenino,Ambulatorio,18961,1024055,0.01851560707188579,543327229.8444,28654.988125330947,530.564500778181,884.2741679636349,46.645048818661046,77.74174803110174,True
48,1,Masculino,Ambulatorio,20420,1230390,0.01659636375458188,716913349.9239,35108.39127932909,582.6716325099358,971.1193875165594,51.22609353586927,85.3768225597821,True
48,2,Femenino,Hospitalario,17025,1024055,0.016625083613673094,1456551560.5023,85553.68930997358,1422.3372382365205,2370.5620637275338,125.04604023984562,208.41006706640934,True
48,2,Masculino,Hospitalario,18337,1230390,0.014903404611545932,1663580362.304,90722.60251426078,1352.0756526824828,2253.459421137471,118.86893060767515,198.11488434612522,True
48,3,Femenino,Alta Especialidad,6697,1024055,0.006539687809736782,749105006.1379,111856.802469449,731.5085675455907,1219.1809459093176,64.31122473212422,107.18537455354033,True
48,3,Masculino,Alta Especialidad,7765,1230390,0.006311007079056234,876965753.4467,112938.28119081777,712.7542920916944,1187.923820152824,62.66242596623892,104.4373766103982,True
49,1,Femenino,Ambulatorio,18771,975514,0.01924216361835914,593205252.3528,31602.218973565607,608.0950681925631,1013.4917803209383,53.46121744034254,89.10202906723755,True
49,1,Masculino,Ambulatorio,20172,1170866,0.01722827377342924,696643267.312,34535.16098116201,594.9812081929102,991.6353469881835,52.30830080346292,87.18050133910485,True
49,2,Femenino,Hospitalario,16486,975514,0.016899808716225498,1415521162.2523,85862.01396653525,1451.0516120243278,2418.4193533738794,127.57048988765484,212.61748314609136,True
49,2,Masculino,Hospitalario,17834,1170866,0.015231461157809689,1624571882.4126,91094.08334712348,1387.4959922079897,2312.4933203466494,121.98294118304828,203.3049019717471,True
49,3,Femenino,Alta Especialidad,6841,975514,0.0070127132978101804,712975139.1003,104220.89447453587,730.8712525912493,1218.1187543187486,64.25519462246834,107.0919910374472,True
49,3,Masculino,Alta Especialidad,7821,1170866,0.006679671286039564,896178331.3412,114586.15667321315,765.3978605076927,1275.6631008461543,67.29063199048514,112.1510533174752,True
50,1,Femenino,Ambulatorio,17753,920533,0.01928556607965168,573155491.5079,32284.993607159355,622.6343775920038,1037.7239626533396,54.739453725905996,91.23242287650999,True
50,1,Masculino,Ambulatorio,19181,1101036,0.017420865439458838,661495567.515,34487.02192351806,600.7937683372751,1001.3229472287917,52.81931718563255,88.03219530938757,True
50,2,Femenino,Hospitalario,15254,920533,0.016570834505661394,1246081944.0308,81688.86482436083,1353.6526599598278,2256.0877665997127,119.00757460163112,198.34595766938517,True
50,2,Masculino,Hospitalario,17326,1101036,0.01573608855659579,1500075266.0654001,86579.43357182271,1362.4216338661047,2270.7027231101742,119.77850672269825,199.6308445378304,True
50,3,Femenino,Alta Especialidad,6835,920533,0.00742504614174614,876883461.4374,128293.11798645208,952.5823207178884,1587.6372011964804,83.74711988553497,139.57853314255826,True
50,3,Masculino,Alta Especialidad,8232,1101036,0.007476594770743191,916793317.8447,111369.4506614067,832.6642524356153,1387.7737540593585,73.20441651759002,122.00736086265,True
51,1,Femenino,Ambulatorio,16815,852227,0.01973065861560359,559679492.7259,33284.53718262861,656.7258403288092,1094.543067214682,57.73663491938106,96.2277248656351,True
51,1,Masculino,Ambulatorio,18469,1019961,0.018107555092792764,727717881.438,39402.126884942336,713.4761833423042,1189.1269722371735,62.72589167601986,104.54315279336642,True
51,2,Femenino,Hospitalario,14191,852227,0.016651666750760068,1224880584.8269,86313.90210886477,1437.2703338745428,2395.450556457571,126.35889659195294,210.59816098658823,True
51,2,Masculino,Hospitalario,16732,1019961,0.016404548801375738,1519476354.9231,90812.59591938202,1489.7396615391176,2482.899435898529,130.97178408594613,218.2863068099102,True
51,3,Femenino,Alta Especialidad,6740,852227,0.007908690994300815,811842189.9198,120451.36348958458,952.6126136813315,1587.6876894688855,83.7497831182929,139.58297186382148,True
51,3,Masculino,Alta Especialidad,8315,1019961,0.008152272488850063,968614299.3874,116489.99391309681,949.6581726040505,1582.7636210067506,83.49004080971496,139.15006801619157,True
52,1,Femenino,Ambulatorio,15540,785874,0.019774162270287603,525612458.2901,33823.195514163446,668.8253565967317,1114.7089276612194,58.8003746271294,98.00062437854899,True
52,1,Masculino,Ambulatorio,17159,936249,0.01832738940175103,703990296.6747,41027.46644179148,751.9263536459853,1253.2105894099752,66.10627251241296,110.17712085402158,True
52,2,Femenino,Hospitalario,13081,785874,0.016645161947080576,1135604599.1188,86813.28637862547,1445.0212109305053,2408.3686848841753,127.0403218251386,211.73386970856433,True
52,2,Masculino,Hospitalario,15513,936249,0.0165693100873806,1517753183.1554,97837.50294304133,1621.0999244382638,2701.833207397106,142.5204381454919,237.53406357581983,True
52,3,Femenino,Alta Especialidad,6429,785874,0.008180700723016666,748796050.4992,116471.62085848498,952.8194729679311,1588.0324549465515,83.76796933600608,139.61328222667674,True
52,3,Masculino,Alta Especialidad,7952,936249,0.00849346701571911,943616741.7985,118664.07718794013,1007.8694255465159,1679.7823759108596,88.60773475892232,147.67955793153718,True
53,1,Femenino,Ambulatorio,13995,714991,0.019573672955323914,469360948.9953,33537.759842465166,656.4571428106088,1094.0952380176811,57.71301213867197,96.18835356445327,True
53,1,Masculino,Ambulatorio,15795,851852,0.018541953297051602,631389609.5878,39974.017701031975,741.1963693080489,1235.3272821800813,65.16293641937918,108.6048940322986,True
53,2,Femenino,Hospitalario,11329,714991,0.015844954691737377,1010850296.4861,89226.78934469944,1413.794434455958,2356.3240574265965,124.29499206604558,207.15832011007595,True
53,2,Masculino,Hospitalario,14256,851852,0.01673530143733888,1382062123.1453,96945.99629245931,1622.4204710974443,2704.03411849574,142.6365351766624,237.72755862777063,True
53,3,Femenino,Alta Especialidad,5834,714991,0.008159543266978186,691327085.9015,118499.67190632499,966.9032000423782,1611.5053334039635,85.0061526972614,141.6769211621023,True
53,3,Masculino,Alta Especialidad,7994,851852,0.009384259237520133,929563262.6586,116282.61979717288,1091.226248994661,1818.7104149911015,95.9361238490413,159.89353974840213,True
54,1,Femenino,Ambulatorio,12759,647078,0.01971787017948377,439952009.0077,34481.699898714636,679.9056821707738,1133.1761369512897,59.774511280768685,99.6241854679478,True
54,1,Masculino,Ambulatorio,14865,773398,0.019220375537562808,629175872.5715001,42325.99210033636,813.5214631683817,1355.869105280636,71.52146121510408,119.20243535850678,True
54,2,Femenino,Hospitalario,10132,647078,0.01565808140595106,936083697.1642,92388.83706713383,1446.6319317983302,2411.0532196638833,127.18192977931334,211.96988296552217,True
54,2,Masculino,Hospitalario,13417,773398,0.01734811830390045,1331216779.1078,99218.66133321905,1721.2570747633172,2868.761791272195,151.32584287874846,252.2097381312474,True
54,3,Femenino,Alta Especialidad,5254,647078,0.008119577547065424,595415634.1136,113326.1579964979,920.160527963553,1533.6008799392548,80.89672920995007,134.82788201658343,True
54,3,Masculino,Alta Especialidad,7498,773398,0.009694878962707428,950303894.1165,126740.98347779409,1228.7384944317157,2047.8974907195259,108.02563491163083,180.042724852718,True
55,1,Femenino,Ambulatorio,12233,588124,0.020800035366691377,415775566.7204,33988.02965097687,706.952218784474,1178.253697974123,62.15233154366108,103.58721923943511,True
55,1,Masculino,Ambulatorio,13941,700894,0.019890311516434726,642338914.5467,46075.52647203931,916.4565748125965,1527.4276246876607,80.57109288242533,134.2851548040422,True
55,2,Femenino,Hospitalario,9505,588124,0.016161557766729465,849596391.9824001,89384.15486400842,1444.5871822649647,2407.6453037749407,127.00216380992435,211.67027301654053,True
55,2,Masculino,Hospitalario,12703,700894,0.018123995925204098,1245295653.5236,98031.61879269464,1776.7246595399592,2961.2077658999315,156.20232480689273,260.33720801148786,True
55,3,Femenino,Alta Especialidad,5503,588124,0.009356870319864518,618943834.7381,112473.8932833182,1052.4036338222893,1754.006056370482,92.52299919157299,154.2049986526216,True
55,3,Masculino,Alta Especialidad,7134,700894,0.010178429263198145,906969026.7859,127133.30905325203,1294.017393194834,2156.6956553247232,113.76468721378838,189.6078120229806,True
56,1,Femenino,Ambulatorio,10531,525358,0.020045378579939776,399538626.1615,37939.28650284873,760.5073610024021,1267.5122683373368,66.86067938747959,111.4344656457993,True
56,1,Masculino,Ambulatorio,13004,636823,0.020420116735733476,602372580.1775,46322.09936769456,945.9026765325688,1576.5044608876144,83.15987304060182,138.59978840100302,True
56,2,Femenino,Hospitalario,8629,525358,0.01642499019716079,811554317.1334,94049.63693746668,1544.7643647444218,2574.6072745740357,135.80932968780843,226.34888281301397,True
56,2,Masculino,Hospitalario,11816,636823,0.018554606224963608,1157193914.0945,97934.48832891842,1817.1358667863756,3028.559777977292,159.75511194599724,266.25851990999536,True
56,3,Femenino,Alta Especialidad,5032,525358,0.00957823046379802,589682358.9443,117186.4783275636,1122.439096662276,1870.7318277704596,98.68022904471479,164.467048407858,True
56,3,Masculino,Alta Especialidad,7045,636823,0.011062728576072158,925006425.9688001,131299.70560238467,1452.5330051973624,2420.8883419956037,127.70072788279866,212.83454647133107,True
57,1,Femenino,Ambulatorio,9579,462800,0.020697925669835783,369264944.1368,38549.425215241674,797.8931377199655,1329.8218961999423,70.14748311738722,116.91247186231202,True
57,1,Masculino,Ambulatorio,12111,576259,0.021016591497920206,571757108.6397,47209.73566507308,992.1877291976352,1653.646215329392,87.22906451113887,145.38177418523145,True
57,2,Femenino,Hospitalario,7894,462800,0.017057044079515988,731888612.7987,92714.54431197111,1581.4360691415295,2635.7267819025487,139.0333551161168,231.72225852686128,True
57,2,Masculino,Hospitalario,11239,576259,0.019503383027423434,1101629199.6457,98018.43577237299,1911.6910966174935,3186.151827695822,168.06801886883747,280.1133647813957,True
57,3,Femenino,Alta Especialidad,4593,462800,0.00992437337942956,531834124.2014,115792.31966065752,1149.1662147826275,1915.2770246377122,101.02996734736679,168.38327891227794,True
57,3,Masculino,Alta Especialidad,7202,576259,0.012497852528116698,890455178.7604,123639.98594284922,1545.2343108921511,2575.3905181535847,135.85064542033638,226.41774236722725,True
58,1,Femenino,Ambulatorio,8803,416186,0.02115160048632102,304671158.5488,34609.92372473021,732.055279487537,1220.092132479228,64.35928939755965,107.26548232926606,True
58,1,Masculino,Ambulatorio,11516,521817,0.022069039529183602,557533689.0888,48413.83198061826,1068.4467717395178,1780.7446195658626,93.93344589551954,156.5557431591992,True
58,2,Femenino,Hospitalario,7425,416186,0.017840580894119457,671214597.9347,90399.27244911785,1612.7755328980313,2687.9592214967183,141.7885918775824,236.31431979597062,True
58,2,Masculino,Hospitalario,10876,521817,0.020842555915196324,1035564869.766,95215.60038304524,1984.536474982609,3307.560791637681,174.47228493841234,290.78714156402054,True
58,3,Femenino,Alta Especialidad,4326,416186,0.010394390969422325,540091533.4477,124847.78859170135,1297.7167262899281,2162.861210483213,114.0899173650029,190.1498622750048,True
58,3,Masculino,Alta Especialidad,6974,521817,0.01336483863116763,849229665.1041,121770.81518556066,1627.447294940755,2712.412158234591,143.07847285479602,238.46412142466,True
59,1,Femenino,Ambulatorio,8216,373255,0.022011761396364415,303209293.2948,36904.733847955205,812.3381958575236,1353.8969930958724,71.41743321963972,119.02905536606617,True
59,1,Masculino,Ambulatorio,10626,468242,0.02269339358707677,608693542.0273,57283.412575503484,1299.9550275868035,2166.591712644672,114.28669960940579,190.47783268234295,True
59,2,Femenino,Hospitalario,6735,373255,0.018043964581854227,580403561.3196,86177.21771634744,1554.9786642365139,2591.631107060856,136.70732889008875,227.84554815014783,True
59,2,Masculino,Hospitalario,9965,468242,0.021281730387278375,1012705582.7633001,101626.25015186152,2162.782456002025,3604.637426670041,190.1429385049178,316.9048975081963,True
59,3,Femenino,Alta Especialidad,4243,373255,0.011367563729889753,466941957.5445,110049.95464164506,1250.9998728603769,2084.999788100628,109.98276374714958,183.3046062452493,True
59,3,Masculino,Alta Especialidad,6990,468242,0.014928178164282572,847448026.5315,121237.19978991416,1809.8505186025602,3016.4175310042665,159.11461409663755,265.1910234943959,True
60,1,Femenino,Ambulatorio,7218,323674,0.02230021564907901,275681318.1319,38193.58799278193,851.7252486511119,1419.5420810851863,74.88018091136327,124.80030151893877,True
60,1,Masculino,Ambulatorio,9932,402987,0.024645956321171652,463068286.9331,46623.8710162203,1149.0898885897063,1915.1498143161768,101.02325706239722,168.37209510399535,True
60,2,Femenino,Hospitalario,6086,323674,0.018802869553933895,561939264.5739,92333.10295331909,1736.1272903412073,2893.5454839020117,152.6331710745802,254.3886184576336,True
60,2,Masculino,Hospitalario,9755,402987,0.024206736197445577,999146375.3621,102424.02617756023,2479.3513819604605,4132.2523032674335,217.97437650000498,363.2906275000082,True
60,3,Femenino,Alta Especialidad,4141,323674,0.012793736908123606,457065568.662,110375.65048587297,1412.1170333792643,2353.52838896544,124.14752186214749,206.91253643691243,True
60,3,Masculino,Alta Especialidad,6616,402987,0.016417403042778056,772937875.8907,116828.57858081923,1918.0218614761768,3196.7031024602943,168.62459367823317,281.0409894637219,True
61,1,Femenino,Ambulatorio,6275,268695,0.023353616554085486,272191805.7804,43377.18020404781,1013.0140336828001,1688.3567228046666,89.06002754767448,148.4333792461241,True
61,1,Masculino,Ambulatorio,8668,332359,0.026080232519654953,389198075.9125,44900.562518747116,1171.0171107522287,1951.6951845870476,102.95100825330492,171.5850137555082,True
61,2,Femenino,Hospitalario,5452,268695,0.020290664135916188,482112443.12450004,88428.54789517609,1794.2739653677963,2990.456608946327,157.7451875990178,262.908645998363,True
61,2,Masculino,Hospitalario,7960,332359,0.02395000586714968,757778099.5993,95198.25371850503,2279.9987351005993,3799.9978918343318,200.44811167966944,334.08018613278233,True
61,3,Femenino,Alta Especialidad,3816,268695,0.01420197621838888,378043250.3676,99067.9377273585,1406.9604956087758,2344.9341593479594,123.69418026901992,206.15696711503318,True
61,3,Masculino,Alta Especialidad,6069,332359,0.018260375076348166,699531783.2268,115263.10483222935,2104.7475267009468,3507.9125445015775,185.04074620508263,308.40124367513766,True
62,1,Femenino,Ambulatorio,5622,208786,0.026927092812736485,214458053.21040002,38146.220777374605,1027.166827327503,1711.9447122125046,90.30428295773177,150.50713826288626,True
62,1,Masculino,Ambulatorio,7453,274031,0.027197652820301354,369321939.9276,49553.46034182209,1347.7378104214488,2246.2296840357476,118.48756535663252,197.4792755943875,True
62,2,Femenino,Hospitalario,4679,208786,0.022410506451582,437616547.1134,93527.79378358624,2096.0052259892905,3493.342043315484,184.2721590815858,307.12026513597635,True
62,2,Masculino,Hospitalario,7055,274031,0.02574526239732001,635916768.0689,90137.03303598866,2320.60156722743,3867.669278712383,204.01774569015092,340.0295761502515,True
62,3,Femenino,Alta Especialidad,3324,208786,0.015920607703581658,357136036.2214,107441.64747936222,1710.536320545439,2850.8938675757313,150.38331825990883,250.63886376651467,True
62,3,Masculino,Alta Especialidad,5600,274031,0.020435644142451036,592423786.5526,105789.96188439286,2161.8860149129114,3603.143358188185,190.06412709121895,316.77354515203155,True
63,1,Femenino,Ambulatorio,5023,169764,0.029588134115595768,197150378.9236,39249.527956121834,1161.3202971395583,1935.5338285659302,102.09850428124297,170.1641738020716,True
63,1,Masculino,Ambulatorio,6454,234607,0.027509835597403318,303495229.9678,47024.36163120546,1293.6324575473027,2156.054095912171,113.7308452548092,189.5514087580153,True
63,2,Femenino,Hospitalario,4176,169764,0.024598854880893476,426401835.9107,102107.71932727491,2511.7329699506377,4186.221616584396,220.82123253807802,368.03538756346336,True
63,2,Masculino,Hospitalario,6282,234607,0.02677669464252985,542065389.3396,86288.66433295129,2310.5252159551933,3850.8753599253214,203.13187432801098,338.55312388001823,True
63,3,Femenino,Alta Especialidad,3329,169764,0.019609575646191185,356371156.1882,107050.51252273956,2099.215123278198,3498.6918721303296,184.55436004965733,307.5906000827622,True
63,3,Masculino,Alta Especialidad,4860,234607,0.02071549442258756,574546307.8021001,118219.40489755146,2448.973422796848,4081.622371328079,215.30367126789898,358.8394521131649,True
64,1,Femenino,Ambulatorio,4747,148808,0.03190016665770658,197870141.7085,41683.198169054136,1329.7009684190366,2216.168280698394,116.90184038916294,194.83640064860487,True
64,1,Masculino,Ambulatorio,6204,203335,0.030511225317825262,378873479.4314,61069.22621395873,1863.296920999336,3105.494868332226,163.81340198260224,273.0223366376703,True
64,2,Femenino,Hospitalario,3917,148808,0.026322509542497714,379808756.1587,96964.1961089354,2552.340977358072,4253.901628930119,224.39132153794543,373.98553589657564,True
64,2,Masculino,Hospitalario,5525,203335,0.027171908426980106,519966542.7469,94111.59144740272,2557.191544726191,4261.985907876984,224.81776347168253,374.6962724528042,True
64,3,Femenino,Alta Especialidad,3039,148808,0.02042228912424063,304582972.2029,100224.73583511023,2046.818532625262,3411.3642210421026,179.9478672945768,299.91311215762795,True
64,3,Masculino,Alta Especialidad,4620,203335,0.022721125236678387,556202132.5416,120390.0719787013,2735.3979026807974,4558.996504467995,240.4849335412905,400.8082225688174,True
65,1,Femenino,Ambulatorio,4209,131136,0.032096449487554905,163866588.7794,38932.42784019957,1249.5927036008418,2082.6545060014028,109.85905121321476,183.09841868869123,True
65,1,Masculino,Ambulatorio,5471,176837,0.030938095534305602,268976413.196,49164.03092597331,1521.0414856393174,2535.0691427321954,133.7237117236329,222.8728528727215,True
65,2,Femenino,Hospitalario,3660,131136,0.0279099560761347,324466823.3492,88652.13752710383,2474.2772644369206,4123.7954407282,217.52828095601362,362.5471349266893,True
65,2,Masculino,Hospitalario,5470,176837,0.03093244060914854,531526647.6005,97171.23356499086,3005.743411166781,5009.572351944634,264.2525987784839,440.42099796413976,True
65,3,Femenino,Alta Especialidad,2758,131136,0.021031600780868718,296111193.353,107364.46459499637,2258.0465574136774,3763.4109290227952,198.51816650169286,330.86361083615475,True
65,3,Masculino,Alta Especialidad,4356,176837,0.02463285398417752,532293815.3114,122197.84557194675,3010.0816871548377,5016.802811924729,264.6340021610226,441.0566702683709,True
66,1,Femenino,Ambulatorio,3914,115117,0.034000191109914264,193687902.0928,49485.92286479305,1682.5308346534398,2804.2180577557324,147.9211911204062,246.5353185340103,True
66,1,Masculino,Ambulatorio,4853,152552,0.03181210341391788,286413507.0821,59017.82548569956,1877.4811676156328,3129.1352793593874,165.06042260856324,275.10070434760536,True
66,2,Femenino,Hospitalario,3360,115117,0.029187695996247296,289973678.4552,86301.69001642858,2518.9474921618876,4198.245820269812,221.45550365922068,369.09250609870105,True
66,2,Masculino,Hospitalario,4726,152552,0.030979600398552624,435549042.9092,92160.18681955143,2855.0857603256595,4758.476267209432,251.00739773679769,418.3456628946627,True
66,3,Femenino,Alta Especialidad,2425,115117,0.021065524640148717,277293412.2543,114347.79886775257,2408.7963745954116,4014.6606243256856,211.77147042898682,352.952450714978,True
66,3,Masculino,Alta Especialidad,4180,152552,0.027400492946667365,485753369.9403,116208.94017710527,3184.1822456624627,5306.970409437437,279.94020722946067,466.56701204910104,True
67,1,Femenino,Ambulatorio,3477,102627,0.03387997310649244,150947722.0015,43413.20736310038,1470.8382979284204,2451.3971632140338,129.31005393425465,215.5167565570911,True
67,1,Masculino,Ambulatorio,4324,132296,0.03268428372739916,257209756.5613,59484.21752111471,1944.1990427624416,3240.331737937402,170.92598379619596,284.87663966032653,True
67,2,Femenino,Hospitalario,3132,102627,0.030518284661931072,285116065.3086,91033.22647145594,2778.1779191499318,4630.296531916552,244.24597664488888,407.0766277414814,True
67,2,Masculino,Hospitalario,4221,132296,0.03190572655257907,338435473.5439,80178.97975453685,2558.168603313026,4263.614338855043,224.90366244421983,374.839437407033,True
67,3,Femenino,Alta Especialidad,2231,102627,0.021738918608163543,268133800.3339,120185.4775140744,2612.7023135617333,4354.503855936221,229.69804196467922,382.83006994113197,True
67,3,Masculino,Alta Especialidad,3943,132296,0.029804378061317048,406428614.6577,103075.98647164596,3072.1156698441378,5120.192783073562,270.08777478756343,450.1462913126057,True
68,1,Femenino,Ambulatorio,3039,90600,0.033543046357615895,115870356.7993,38127.79098364594,1278.922260477925,2131.5371007965414,112.43758522812657,187.39597538021093,True
68,1,Masculino,Ambulatorio,3938,116173,0.033897721501553714,232562233.0886,59055.92511137634,2001.8613024420476,3336.435504070079,175.99541251561575,293.3256875260262,True
68,2,Femenino,Hospitalario,2660,90600,0.029359823399558498,275373014.3581,103523.68960830827,3039.43724457064,5065.728740951065,267.2148220363643,445.35803672727377,True
68,2,Masculino,Hospitalario,3586,116173,0.030867757568453943,368549241.9911,102774.46792836029,3172.4173602394703,5287.362267065783,278.9058868893389,464.84314481556476,True
68,3,Femenino,Alta Especialidad,2064,90600,0.022781456953642386,238734272.0817,115665.82949694767,2635.036115692053,4391.726859486755,231.66153799418578,386.1025633236429,True
68,3,Masculino,Alta Especialidad,3710,116173,0.031935131226705,376463577.3124,101472.66234835579,3240.54278801787,5400.904646696449,284.89519431540083,474.82532385900134,True
69,1,Femenino,Ambulatorio,2896,81268,0.03563518235960034,124052777.3895,42835.903794716854,1526.4652432630312,2544.1087387717184,134.20054618724222,223.66757697873703,True
69,1,Masculino,Ambulatorio,3834,103814,0.03693143506656135,215362934.1213,56171.86596799687,2074.5076205646637,3457.512700941106,182.3821780273591,303.9702967122651,True
69,2,Femenino,Hospitalario,2431,81268,0.029913373037357877,253831324.244,104414.36620485397,3123.3858867450904,5205.64314457515,274.59524139488576,457.6587356581428,True
69,2,Masculino,Hospitalario,3306,103814,0.031845415839867455,334039216.6639,101040.29542162735,3217.6702242847787,5362.783707141297,282.8843325815812,471.47388763596854,True
69,3,Femenino,Alta Especialidad,1808,81268,0.022247379042181423,225186788.4268,124550.21483783187,2770.9158392823742,4618.193065470623,243.60752445019736,406.01254075032887,True
69,3,Masculino,Alta Especialidad,3393,103814,0.032683453098811335,414357658.8793,122121.32592964928,3991.3466283863445,6652.244380643907,350.90278007709395,584.8379667951566,True
70,1,Femenino,Ambulatorio,2570,72870,0.03526828598874708,90024430.9604,35028.96146319066,1235.4114307726086,2059.0190512876807,108.6122920304698,181.02048671744964,True
70,1,Masculino,Ambulatorio,3202,91624,0.03494717541255566,206238880.6229,64409.39432320425,2250.9264016294856,3751.544002715809,197.89219168870974,329.8203194811829,True
70,2,Femenino,Hospitalario,2329,72870,0.03196102648552216,219451163.2997,94225.4887504079,3011.5433415630573,5019.238902605095,264.76250480514483,441.270841341908,True
70,2,Masculino,Hospitalario,3152,91624,0.034401466864576964,333517633.9097,105811.4320779505,3640.0684745230506,6066.7807908717505,320.01984951568255,533.3664158594709,True
70,3,Femenino,Alta Especialidad,1516,72870,0.020804171812817344,181194190.8342,119521.23405949867,2486.5402886537668,4144.233814422944,218.60639561016075,364.34399268360124,True
70,3,Masculino,Alta Especialidad,3058,91624,0.03337553479437702,321945752.3944,105279.84054754741,3513.7709813411334,5856.2849689018885,308.9162933476682,514.8604889127803,True
